,0
0,AAC-UN
1,AACG
2,AACI
3,AACIU
4,AACIW
5,AADI
6,AAL
7,AAME
8,AAOI
9,AAON
10,AAPL
11,AATC
12,AAWW
13,ABCB
14,ABCL
15,ABCM
16,ABEO
17,ABGI
18,ABIO
19,ABNB
20,ABOS
21,ABR-PE
22,ABR-PF
23,ABSI
24,ABST
25,ABUS
26,ABVC
27,ACAB
28,ACABU
29,ACABW
30,ACAC
31,ACACU
32,ACACW
33,ACAD
34,ACAH
35,ACAHU
36,ACAHW
37,ACAQ-UN
38,ACAX
39,ACAXR
40,ACAXU
41,ACAXW
42,ACB
43,ACBA
44,ACBAU
45,ACBAW
46,ACCD
47,ACDC
48,ACDCW
49,ACER
50,ACET
51,ACGL
52,ACGN
53,ACHC
54,ACHL
55,ACHV
56,ACIU
57,ACIW
58,ACLS
59,ACLX
60,ACMR
61,ACNB
62,ACNT
63,ACON
64,ACONW
65,ACOR
66,ACQR
67,ACQRU
68,ACQRW
69,ACRS
70,ACRV
71,ACRX
72,ACST
73,ACT
74,ACTG
75,ACVA
76,ACXP
77,ADAG
78,ADAL
79,ADALU
80,ADALW
81,ADAP
82,ADBE
83,ADC-PA
84,ADD
85,ADEA
86,ADER
87,ADERU
88,ADERW
89,ADES
90,ADI
91,ADIL
92,ADILW
93,ADMA
94,ADMP
95,ADN
96,ADNWW
97,ADOC
98,ADOCR
99,ADOCW
100,ADP
101,ADPT
102,ADSE
103,ADSEW
104,ADSK
105,ADTH
106,ADTHW
107,ADTN
108,ADTX
109,ADUS
110,ADV
111,ADVM
112,ADVWW
113,ADXN
114,AEAC
115,AEACU
116,AEAE
117,AEAEU
118,AEAEW
119,AEHA
120,AEHAU
121,AEHAW
122,AEHL
123,AEHR
124,AEI
125,AEIS
126,AEL-PB
127,AEMD
128,AEP
129,AEPPZ
130,AERC
131,AEY
132,AEYE
133,AEZS
134,AFAR
135,AFARU
136,AFARW
137,AFBI
138,AFCG
139,AFIB
140,AFMD
141,AFRI
142,AFRIW
143,AFRM
144,AFYA
145,AGAE
146,AGBA
147,AGBAW
148,AGEN
149,AGFS
150,AGFY
151,AGGH
152,AGGR
153,AGGRU
154,AGGRW
155,AGIL
156,AGILW
157,AGIO
158,AGLE
159,AGMH
160,AGNC
161,AGNCL
162,AGRI
163,AGRIW
164,AGRX
165,AGYS
166,AHCO
167,AHG
168,AHHX
169,AHI
170,AHPI
171,AHRN
172,AHRNU
173,AHRNW
174,AIB
175,AIBBR
176,AIBBU
177,AIH
178,AIHS
179,AIKI
180,AIMAU
181,AIMAW
182,AIMBU
183,AIMC
184,AIMD
185,AIMDW
186,AIP
187,AIRG
188,AIRS
189,AIRT
190,AKAM
191,AKAN
192,AKBA
193,AKLI
194,AKRO
195,AKTS
196,AKTX
197,AKU
198,AKYA
199,ALAR
200,ALBO
201,ALBT
202,ALCO
203,ALDX
204,ALEC
205,ALGM
206,ALGN
207,ALGS
208,ALGT
209,ALHC
210,ALIM
211,ALJJ
212,ALKS
213,ALKT
214,ALLK
215,ALLO
216,ALLR
217,ALLT
218,ALNY
219,ALOR
220,ALORU
221,ALORW
222,ALOT
223,ALPA
224,ALPAU
225,ALPAW
226,ALPN
227,ALPP
228,ALPS
229,ALR
230,ALRM
231,ALRN
232,ALRS
233,ALSA
234,ALSAR
235,ALSAU
236,ALSAW
237,ALT
238,ALTI
239,ALTIW
240,ALTO
241,ALTR
242,ALTU
243,ALTUU
244,ALTUW
245,ALVO
246,ALVOW
247,ALVR
248,ALXO
249,ALYA
250,ALZN
251,AMAL
252,AMAO
253,AMAOU
254,AMAOW
255,AMAT
256,AMAX
257,AMBA
258,AMCI
259,AMCX
260,AMD
261,AMED
262,AMEH
263,AMGN
264,AMKR
265,AMLI
266,AMLX
267,AMNB
268,AMOT
269,AMPG
270,AMPGW
271,AMPH
272,AMPL
273,AMRK
274,AMRN
275,AMRS
276,AMSC
277,AMSF
278,AMST
279,AMSWA
280,AMTB
281,AMTI
282,AMTX
283,AMV
284,AMWD
285,AMYT
286,AMZN
287,ANAB
288,ANDE
289,ANEB
290,ANGH
291,ANGHW
292,ANGI
293,ANGN
294,ANGO
295,ANIK
296,ANIP
297,ANIX
298,ANNX
299,ANPC
300,ANSS
301,ANTE
302,ANTX
303,ANY
304,ANZU
305,ANZUU
306,ANZUW
307,AOGO
308,AOGOU
309,AOGOW
310,AOSL
311,AOUT
312,APA
313,APAC
314,APACU
315,APACW
316,APCX
317,APCXW
318,APDN
319,APEI
320,APEN
321,APGB-UN
322,APGN
323,APGNW
324,API
325,APLD
326,APLS
327,APLT
328,APM
329,APMI
330,APMIU
331,APMIW
332,APOG
333,APP
334,APPF
335,APPH
336,APPHW
337,APPN
338,APPS
339,APRE
340,APTM
341,APTMU
342,APTMW
343,APTO
344,APTX
345,APVO
346,APWC
347,APXI
348,APXIU
349,APXIW
350,APYX
351,AQB
352,AQMS
353,AQST
354,AQU
355,AQUNR
356,AQUNU
357,ARAV
358,ARAY
359,ARBE
360,ARBEW
361,ARBG
362,ARBGU
363,ARBGW
364,ARBK
365,ARBKL
366,ARCB
367,ARCC
368,ARCE
369,ARCK
370,ARCKU
371,ARCT
372,ARDS
373,ARDX
374,AREB
375,AREBW
376,AREC
377,ARGO-PA
378,ARGX
379,ARHS
380,ARIZ
381,ARIZR
382,ARIZU
383,ARIZW
384,ARKO
385,ARKOW
386,ARKR
387,ARLP
388,AROW
389,ARQQ
390,ARQQW
391,ARQT
392,ARRW
393,ARRWU
394,ARRWW
395,ARRY
396,ARTE
397,ARTEU
398,ARTEW
399,ARTL
400,ARTLW
401,ARTNA
402,ARTW
403,ARVL
404,ARVN
405,ARWR
406,ARYD
407,ARYE
408,ASAP
409,ASCA
410,ASCAR
411,ASCAU
412,ASCAW
413,ASCB
414,ASCBR
415,ASCBU
416,ASCBW
417,ASLE
418,ASLN
419,ASMB
420,ASML
421,ASND
422,ASNS
423,ASO
424,ASPA
425,ASPAU
426,ASPAW
427,ASPI
428,ASPS
429,ASPU
430,ASRT
431,ASRV
432,ASST
433,ASTC
434,ASTE
435,ASTI
436,ASTL
437,ASTLW
438,ASTR
439,ASTS
440,ASTSW
441,ASUR
442,ASYS
443,ATAI
444,ATAK
445,ATAKR
446,ATAKU
447,ATAKW
448,ATAT
449,ATAX
450,ATCOL
451,ATCX
452,ATEC
453,ATER
454,ATEX
455,ATHA
456,ATHE
457,ATHX
458,ATIF
459,ATLC
460,ATLCL
461,ATLO
462,ATLX
463,ATMC
464,ATMCR
465,ATMCU
466,ATMCW
467,ATMV
468,ATMVR
469,ATMVU
470,ATNF
471,ATNFW
472,ATNI
473,ATNX
474,ATOM
475,ATOS
476,ATRA
477,ATRC
478,ATRI
479,ATRO
480,ATSG
481,ATVI
482,ATXG
483,ATXI
484,ATXS
485,ATY
486,AUBN
487,AUDC
488,AUGX
489,AUID
490,AUPH
491,AUR
492,AURA
493,AURC
494,AURCU
495,AURCW
496,AUROW
497,AUTL
498,AUUD
499,AUUDW
500,AUVI
501,AVAC
502,AVACU
503,AVACW
504,AVAH
505,AVAV
506,AVCT
507,AVDL
508,AVDX
509,AVGO
510,AVGR
511,AVHI
512,AVHIU
513,AVHIW
514,AVID
515,AVIR
516,AVNW
517,AVO
518,AVPT
519,AVPTW
520,AVRO
521,AVT
522,AVTA
523,AVTE
524,AVTX
525,AVXL
526,AWH
527,AWINW
528,AWRE
529,AXAS
530,AXDX
531,AXGN
532,AXLA
533,AXNX
534,AXON
535,AXSM
536,AXTI
537,AY
538,AYLA
539,AYRO
540,AYTU
541,AZ
542,AZN
543,AZPN
544,AZTA
545,AZYO
546,BAC-PQ
547,BACK
548,BAER
549,BAERW
550,BAFN
551,BAND
552,BANF
553,BANR
554,BANX
555,BAOS
556,BASE
557,BATRA
558,BATRK
559,BBBY
560,BBCP
561,BBGI
562,BBI
563,BBIG
564,BBIO
565,BBLG
566,BBLGW
567,BBQ
568,BBSI
569,BCAB
570,BCAN
571,BCBP
572,BCDA
573,BCDAW
574,BCEL
575,BCLI
576,BCML
577,BCOR
578,BCOV
579,BCOW
580,BCPC
581,BCRX
582,BCSA
583,BCSAU
584,BCSAW
585,BCTX
586,BCTXW
587,BCYC
588,BDSX
589,BDTX
590,BEAM
591,BEAT
592,BEATW
593,BECN
594,BEEM
595,BEEMW
596,BELFA
597,BELFB
598,BFC
599,BFI
600,BFIIW
601,BFIN
602,BFIX
603,BFRG
604,BFRGW
605,BFRI
606,BFRIW
607,BFST
608,BGCP
609,BGFV
610,BGNE
611,BGRY
612,BGRYW
613,BGXX
614,BHAC
615,BHACU
616,BHAT
617,BHF
618,BHFAL
619,BHSE
620,BIAF
621,BIAFW
622,BIDU
623,BIGC
624,BIIB
625,BILI
626,BIMI
627,BIOC
628,BIOL
629,BIOR
630,BIOS
631,BIOSU
632,BIOSW
633,BIOT
634,BIOTU
635,BIOTW
636,BIOX
637,BIRD
638,BITF
639,BIVI
640,BJDX
641,BJRI
642,BKCC
643,BKNG
644,BKR
645,BKSC
646,BKYI
647,BL
648,BLACU
649,BLBD
650,BLBX
651,BLCM
652,BLDE
653,BLDEW
654,BLDP
655,BLEU
656,BLEUR
657,BLEUU
658,BLEUW
659,BLFS
660,BLFY
661,BLI
662,BLIN
663,BLKB
664,BLMN
665,BLNG
666,BLNGU
667,BLNGW
668,BLNK
669,BLNKW
670,BLPH
671,BLRX
672,BLTE
673,BLU
674,BLUE
675,BLZE
676,BMAC-UN
677,BMAQ
678,BMAQR
679,BMAQU
680,BMAQW
681,BMBL
682,BMEA
683,BMRA
684,BMRC
685,BMRN
686,BNFT
687,BNGO
688,BNGOW
689,BNIX
690,BNIXR
691,BNIXW
692,BNNR
693,BNNRU
694,BNNRW
695,BNOX
696,BNR
697,BNRG
698,BNSO
699,BNTC
700,BNTX
701,BOCN
702,BOCNU
703,BOCNW
704,BOKF
705,BOLT
706,BON
707,BOOM
708,BOSC
709,BOTJ
710,BOXL
711,BPAC
712,BPACU
713,BPACW
714,BPMC
715,BPOP
716,BPOPM
717,BPRN
718,BPTH
719,BPTS
720,BRAC
721,BRAG
722,BREA
723,BREZ
724,BREZR
725,BREZW
726,BRFH
727,BRID
728,BRIV
729,BRIVU
730,BRIVW
731,BRKH
732,BRKHU
733,BRKHW
734,BRKL
735,BRKR
736,BRLI
737,BRLIR
738,BRLIU
739,BRLIW
740,BRLT
741,BROG
742,BROGW
743,BRP
744,BRQS
745,BRSH
746,BRSHW
747,BRTX
748,BRY
749,BRZE
750,BSBK
751,BSET
752,BSFC
753,BSGA
754,BSGAR
755,BSGAU
756,BSGM
757,BSQR
758,BSRR
759,BSVN
760,BSY
761,BTAI
762,BTB
763,BTBD
764,BTBDW
765,BTBT
766,BTCS
767,BTCY
768,BTMD
769,BTMDW
770,BTOG
771,BTTX
772,BTWN
773,BTWNU
774,BTWNW
775,BUSE
776,BVS
777,BVXV
778,BWAC
779,BWACU
780,BWACW
781,BWAQ
782,BWAQR
783,BWAQU
784,BWAQW
785,BWAY
786,BWB
787,BWC
788,BWCAU
789,BWCAW
790,BWEN
791,BWFG
792,BWMN
793,BWMX
794,BWV
795,BXRX
796,BYFC
797,BYND
798,BYNO
799,BYNOU
800,BYNOW
801,BYRN
802,BYSI
803,BYTS
804,BYTSU
805,BYTSW
806,BZ
807,BZFD
808,BZFDW
809,BZUN
810,CAAS
811,CABA
812,CAC
813,CACC
814,CACO
815,CADE-PA
816,CADL
817,CAKE
818,CALA
819,CALB
820,CALM
821,CALT
822,CAMP
823,CAMT
824,CAN
825,CANB
826,CANO-WT
827,CAPD
828,CAPR
829,CAR
830,CARA
831,CARE
832,CARG
833,CARV
834,CASA
835,CASH
836,CASI
837,CASS
838,CASY
839,CATC
840,CATY
841,CBAN
842,CBAT
843,CBAY
844,CBFV
845,CBIO
846,CBNK
847,CBRG
848,CBRGU
849,CBRGW
850,CBRL
851,CBSH
852,CCAI
853,CCAIU
854,CCAIW
855,CCAP
856,CCB
857,CCBG
858,CCCC
859,CCCS
860,CCEP
861,CCLD
862,CCLDO
863,CCLDP
864,CCLP
865,CCNC
866,CCNE
867,CCOI
868,CCRN
869,CCSI
870,CCTS
871,CCTSU
872,CCTSW
873,CD
874,CDAK
875,CDAQ
876,CDAQU
877,CDAQW
878,CDIO
879,CDIOW
880,CDLX
881,CDMO
882,CDNA
883,CDNS
884,CDRO
885,CDROW
886,CDTX
887,CDW
888,CDXC
889,CDXS
890,CDZI
891,CEAD
892,CEADW
893,CECO
894,CEG
895,CELC
896,CELH
897,CELU
898,CELUW
899,CELZ
900,CEMI
901,CENN
902,CENQ
903,CENQU
904,CENQW
905,CENT
906,CENTA
907,CENX
908,CERE
909,CERS
910,CERT
911,CETUU
912,CETX
913,CEVA
914,CFB
915,CFBK
916,CFFE
917,CFFEU
918,CFFEW
919,CFFI
920,CFFN
921,CFFS
922,CFFSU
923,CFFSW
924,CFIV
925,CFIVU
926,CFIVW
927,CFLT
928,CFMS
929,CFRX
930,CFSB
931,CG
932,CGABL
933,CGBD
934,CGC
935,CGEM
936,CGEN
937,CGNT
938,CGNX
939,CGRN
940,CGTX
941,CHCI
942,CHCO
943,CHDN
944,CHEA
945,CHEAU
946,CHEAW
947,CHEF
948,CHEK
949,CHEKZ
950,CHK
951,CHKEL
952,CHKEW
953,CHKEZ
954,CHKP
955,CHMG
956,CHNR
957,CHRD
958,CHRS
959,CHRW
960,CHTR
961,CHUY
962,CHX
963,CIDM
964,CIFR
965,CIFRW
966,CIGI
967,CIH
968,CIIG
969,CIIGU
970,CIIGW
971,CINC
972,CINF
973,CING
974,CINGW
975,CISO
976,CITE
977,CITEU
978,CITEW
979,CIVB
980,CIZN
981,CJJD
982,CKPT
983,CLAR
984,CLAY
985,CLAYU
986,CLAYW
987,CLBK
988,CLBT
989,CLBTW
990,CLDX
991,CLEU
992,CLFD
993,CLGN
994,CLIN
995,CLINR
996,CLINU
997,CLINW
998,CLIR
999,CLLS
1000,CLMB
1001,CLMT
1002,CLNE
1003,CLNN
1004,CLNNW
1005,CLOE
1006,CLOER
1007,CLOEU
1008,CLOV
1009,CLPS
1010,CLPT
1011,CLRB
1012,CLRC
1013,CLRCR
1014,CLRCU
1015,CLRCW
1016,CLRO
1017,CLSD
1018,CLSK
1019,CLST
1020,CLVR
1021,CLVRW
1022,CLVS
1023,CLWT
1024,CLXT
1025,CMAX
1026,CMAXW
1027,CMBM
1028,CMCA
1029,CMCAU
1030,CMCAW
1031,CMCO
1032,CMCSA
1033,CMCT
1034,CME
1035,CMLS
1036,CMMB
1037,CMND
1038,CMPO
1039,CMPOW
1040,CMPR
1041,CMPS
1042,CMPX
1043,CMRA
1044,CMRAW
1045,CMRX
1046,CMTL
1047,CNCE
1048,CNDT
1049,CNET
1050,CNEY
1051,CNFR
1052,CNFRL
1053,CNGL
1054,CNGLU
1055,CNGLW
1056,CNNB
1057,CNOB
1058,CNSL
1059,CNSP
1060,CNTA
1061,CNTB
1062,CNTG
1063,CNTX
1064,CNTY
1065,CNXA
1066,CNXC
1067,CNXN
1068,COCO
1069,COCP
1070,CODA
1071,CODX
1072,COEP
1073,COEPW
1074,COF-PN
1075,COFS
1076,COGT
1077,COHR
1078,COHU
1079,COIN
1080,COKE
1081,COLB
1082,COLL
1083,COLM
1084,COMM
1085,COMS
1086,COMSW
1087,CONN
1088,CONX
1089,CONXU
1090,CONXW
1091,COOL
1092,COOLU
1093,COOLW
1094,COOP
1095,CORT
1096,CORZ
1097,COSM
1098,COST
1099,COUP
1100,COWN
1101,COWNL
1102,COYA
1103,CPAA
1104,CPAAW
1105,CPAQ
1106,CPAQU
1107,CPAQW
1108,CPAR
1109,CPARU
1110,CPARW
1111,CPHC
1112,CPIX
1113,CPLP
1114,CPOP
1115,CPRT
1116,CPRX
1117,CPSH
1118,CPSI
1119,CPSS
1120,CPTN
1121,CPTNW
1122,CPUH-UN
1123,CPZ
1124,CRAI
1125,CRBP
1126,CRBU
1127,CRCT
1128,CRDF
1129,CRDL
1130,CRDO
1131,CREC
1132,CRECU
1133,CRECW
1134,CREG
1135,CRESW
1136,CRESY
1137,CREX
1138,CREXW
1139,CRGE
1140,CRGOW
1141,CRIS
1142,CRKN
1143,CRMD
1144,CRMT
1145,CRNC
1146,CRNT
1147,CRNX
1148,CRON
1149,CROX
1150,CRSP
1151,CRSR
1152,CRTD
1153,CRTO
1154,CRUS
1155,CRVL
1156,CRVS
1157,CRWD
1158,CRWS
1159,CRZN
1160,CRZNU
1161,CRZNW
1162,CSBR
1163,CSCO
1164,CSGP
1165,CSGS
1166,CSII
1167,CSIQ
1168,CSLM
1169,CSLMR
1170,CSLMU
1171,CSLMW
1172,CSPI
1173,CSSE
1174,CSSEL
1175,CSSEN
1176,CSTA-UN
1177,CSTE
1178,CSTL
1179,CSTR
1180,CSWC
1181,CSWI
1182,CSX
1183,CTAQ
1184,CTAQU
1185,CTAQW
1186,CTAS
1187,CTBI
1188,CTG
1189,CTHR
1190,CTIB
1191,CTIC
1192,CTKB
1193,CTLP
1194,CTMX
1195,CTRM
1196,CTRN
1197,CTSH
1198,CTSO
1199,CTXR
1200,CUE
1201,CUEN
1202,CUENW
1203,CULL
1204,CURI
1205,CURIW
1206,CUTR
1207,CVAC
1208,CVBF
1209,CVCO
1210,CVCY
1211,CVGI
1212,CVGW
1213,CVKD
1214,CVLG
1215,CVLT
1216,CVLY
1217,CVRX
1218,CVT
1219,CVV
1220,CWBC
1221,CWBR
1222,CWC
1223,CWCO
1224,CWST
1225,CXDC
1226,CXDO
1227,CYAD
1228,CYAN
1229,CYBR
1230,CYCC
1231,CYCN
1232,CYN
1233,CYRN
1234,CYRX
1235,CYT
1236,CYTH
1237,CYTHW
1238,CYTK
1239,CYTO
1240,CYXT
1241,CZFS
1242,CZNC
1243,CZR
1244,CZWI
1245,DADA
1246,DAIO
1247,DAKT
1248,DALN
1249,DALS
1250,DARE
1251,DATS
1252,DATSW
1253,DAVE
1254,DAVEW
1255,DAWN
1256,DBGI
1257,DBGIW
1258,DBTX
1259,DBVT
1260,DBX
1261,DCBO
1262,DCFC
1263,DCFCW
1264,DCGO
1265,DCOM
1266,DCPH
1267,DCRD
1268,DCRDU
1269,DCRDW
1270,DCT
1271,DCTH
1272,DDI
1273,DDOG
1274,DECA
1275,DECAU
1276,DECAW
1277,DENN
1278,DERM
1279,DFFN
1280,DFLI
1281,DFLIW
1282,DGHI
1283,DGICA
1284,DGICB
1285,DGII
1286,DGLY
1287,DGNU
1288,DH
1289,DHAC
1290,DHACU
1291,DHACW
1292,DHC
1293,DHCA
1294,DHCAU
1295,DHCAW
1296,DHCNI
1297,DHCNL
1298,DHHC
1299,DHHCU
1300,DHHCW
1301,DHIL
1302,DIBS
1303,DICE
1304,DIOD
1305,DISA
1306,DISAU
1307,DISAW
1308,DISH
1309,DISTU
1310,DJCO
1311,DKDCA
1312,DKDCU
1313,DKDCW
1314,DKNG
1315,DLHC
1316,DLO
1317,DLPN
1318,DLTH
1319,DLTR
1320,DMAC
1321,DMAQ
1322,DMAQR
1323,DMLP
1324,DMRC
1325,DMTK
1326,DMYS-UN
1327,DNAB
1328,DNAD
1329,DNAY
1330,DNLI
1331,DNUT
1332,DOCU
1333,DOGZ
1334,DOMH
1335,DOMO
1336,DOOO
1337,DORM
1338,DOX
1339,DOYU
1340,DPCS
1341,DPCSU
1342,DPCSW
1343,DPRO
1344,DRCT
1345,DRCTW
1346,DRIO
1347,DRMA
1348,DRMAW
1349,DRRX
1350,DRS
1351,DRTS
1352,DRTSW
1353,DRTT
1354,DRUG
1355,DRVN
1356,DSEY
1357,DSGN
1358,DSGR
1359,DSGX
1360,DSKE
1361,DSP
1362,DSWL
1363,DTEA
1364,DTIL
1365,DTOC
1366,DTOCU
1367,DTOCW
1368,DTRT
1369,DTRTU
1370,DTRTW
1371,DTSS
1372,DTST
1373,DTSTW
1374,DUET
1375,DUETU
1376,DUETW
1377,DUNE
1378,DUNEU
1379,DUNEW
1380,DUO
1381,DUOL
1382,DUOT
1383,DVAX
1384,DWAC
1385,DWACU
1386,DWACW
1387,DWSN
1388,DXCM
1389,DXLG
1390,DXPE
1391,DXR
1392,DXYN
1393,DYAI
1394,DYN
1395,DYNT
1396,DZSI
1397,EA
1398,EAC
1399,EACPU
1400,EACPW
1401,EAFD
1402,EAR
1403,EAST
1404,EBAC
1405,EBACU
1406,EBACW
1407,EBAY
1408,EBC
1409,EBET
1410,EBIX
1411,EBMT
1412,EBON
1413,EBTC
1414,ECBK
1415,ECOR
1416,ECPG
1417,ECX
1418,ECXWW
1419,EDAP
1420,EDBL
1421,EDBLW
1422,EDIT
1423,EDRY
1424,EDSA
1425,EDTK
1426,EDTX
1427,EDUC
1428,EEFT
1429,EEIQ
1430,EFHT
1431,EFHTR
1432,EFHTW
1433,EFOI
1434,EFSC
1435,EFTR
1436,EFTRW
1437,EGAN
1438,EGBN
1439,EGHT
1440,EGIO
1441,EGLX
1442,EGRX
1443,EH
1444,EHTH
1445,EIGR
1446,EJH
1447,EKSO
1448,ELBM
1449,ELDN
1450,ELEV
1451,ELOX
1452,ELSE
1453,ELTK
1454,ELYM
1455,ELYS
1456,EM
1457,EMBC
1458,EMBK
1459,EMBKW
1460,EMCGR
1461,EMCGU
1462,EMCGW
1463,EMGD
1464,EMKR
1465,EML
1466,EMLD
1467,EMLDU
1468,EMLDW
1469,ENCP
1470,ENCPU
1471,ENCPW
1472,ENER
1473,ENERR
1474,ENERU
1475,ENERW
1476,ENG
1477,ENLT
1478,ENLV
1479,ENOB
1480,ENPH
1481,ENSC
1482,ENSG
1483,ENTA
1484,ENTF
1485,ENTFU
1486,ENTFW
1487,ENTG
1488,ENTX
1489,ENTXW
1490,ENVB
1491,ENVX
1492,EOCW-UN
1493,EOLS
1494,EOSE
1495,EOSEW
1496,EPIX
1497,EPOW
1498,EPSN
1499,EQ
1500,EQBK
1501,EQIX
1502,EQOS
1503,EQRX
1504,EQRXW
1505,ERAS
1506,ERES
1507,ERESU
1508,ERESW
1509,ERIC
1510,ERIE
1511,ERII
1512,ERNA
1513,ERYP
1514,ESAC
1515,ESACU
1516,ESACW
1517,ESBA
1518,ESCA
1519,ESEA
1520,ESGR
1521,ESLT
1522,ESOA
1523,ESPR
1524,ESQ
1525,ESSA
1526,ESTA
1527,ESUS
1528,ET-PC
1529,ET-PD
1530,ET-PE
1531,ETNB
1532,ETON
1533,ETSY
1534,EUCR
1535,EUCRU
1536,EUCRW
1537,EUDA
1538,EUDAW
1539,EVAX
1540,EVBG
1541,EVCM
1542,EVER
1543,EVFM
1544,EVGN
1545,EVGO
1546,EVGOW
1547,EVGR
1548,EVGRU
1549,EVGRW
1550,EVK
1551,EVLO
1552,EVLV
1553,EVLVW
1554,EVO
1555,EVOJ
1556,EVOJU
1557,EVOJW
1558,EVOK
1559,EVOP
1560,EVRG
1561,EVTV
1562,EWBC
1563,EWCZ
1564,EWTX
1565,EXAI
1566,EXAS
1567,EXC
1568,EXCVV
1569,EXEL
1570,EXFY
1571,EXLS
1572,EXPD
1573,EXPE
1574,EXPI
1575,EXPO
1576,EXTR
1577,EYE
1578,EYEN
1579,EYPT
1580,EZFL
1581,EZGO
1582,EZPW
1583,FA
1584,FAMI
1585,FANG
1586,FANH
1587,FARM
1588,FARO
1589,FAST
1590,FAT
1591,FATBB
1592,FATBW
1593,FATE
1594,FATP
1595,FATPU
1596,FATPW
1597,FAZE
1598,FAZEW
1599,FBIO
1600,FBIZ
1601,FBMS
1602,FBNC
1603,FBRT-PE
1604,FBRX
1605,FCAP
1606,FCBC
1607,FCCO
1608,FCEL
1609,FCFS
1610,FCNCA
1611,FCRD
1612,FCUV
1613,FDBC
1614,FDMT
1615,FDUS
1616,FEAM
1617,FEDL
1618,FEIM
1619,FELE
1620,FEMY
1621,FENC
1622,FEXD
1623,FEXDR
1624,FEXDU
1625,FEXDW
1626,FFBC
1627,FFBW
1628,FFHL
1629,FFIC
1630,FFIE
1631,FFIEW
1632,FFIN
1633,FFIV
1634,FFNW
1635,FFWM
1636,FGBI
1637,FGEN
1638,FGF
1639,FGI
1640,FGIWW
1641,FGLD
1642,FGMC
1643,FGMCU
1644,FGMCW
1645,FHB
1646,FHLT
1647,FHLTU
1648,FHLTW
1649,FHN-PB
1650,FHN-PC
1651,FHN-PD
1652,FHN-PF
1653,FHTX
1654,FIAC
1655,FIACU
1656,FIACW
1657,FIBK
1658,FICV
1659,FICVU
1660,FICVW
1661,FINW
1662,FIP
1663,FISI
1664,FISK
1665,FISV
1666,FITB
1667,FIVE
1668,FIVN
1669,FIXX
1670,FIZZ
1671,FKWL
1672,FLEX
1673,FLFV
1674,FLFVR
1675,FLFVU
1676,FLFVW
1677,FLGC
1678,FLGT
1679,FLIC
1680,FLJ
1681,FLL
1682,FLNC
1683,FLNT
1684,FLUX
1685,FLWS
1686,FLXS
1687,FLYD
1688,FLYU
1689,FLYW
1690,FMAO
1691,FMBH
1692,FMIV
1693,FMIVU
1694,FMIVW
1695,FMNB
1696,FNCB
1697,FNCH
1698,FNGR
1699,FNHC
1700,FNKO
1701,FNLC
1702,FNVT
1703,FNVTU
1704,FNVTW
1705,FNWB
1706,FNWD
1707,FOCS
1708,FOLD
1709,FONR
1710,FORA
1711,FORD
1712,FORM
1713,FORR
1714,FORTY
1715,FOSL
1716,FOSLL
1717,FOX
1718,FOXA
1719,FOXF
1720,FOXW
1721,FOXWU
1722,FOXWW
1723,FPAY
1724,FRAF
1725,FRBA
1726,FRBK
1727,FRBN
1728,FRBNU
1729,FRBNW
1730,FREE
1731,FREEW
1732,FREQ
1733,FRG
1734,FRGI
1735,FRGT
1736,FRHC
1737,FRLA
1738,FRLAU
1739,FRLAW
1740,FRLN
1741,FRME
1742,FRMEP
1743,FROG
1744,FRON
1745,FRONU
1746,FRONW
1747,FRPH
1748,FRPT
1749,FRSG
1750,FRSGU
1751,FRSGW
1752,FRSH
1753,FRST
1754,FRSX
1755,FRTX
1756,FRZA
1757,FSBC
1758,FSBW
1759,FSEA
1760,FSFG
1761,FSLR
1762,FSNB-UN
1763,FSRX
1764,FSRXU
1765,FSRXW
1766,FSTR
1767,FSTX
1768,FSV
1769,FTAA
1770,FTAAU
1771,FTAAW
1772,FTAI
1773,FTAIN
1774,FTAIO
1775,FTAIP
1776,FTCI
1777,FTDR
1778,FTEK
1779,FTFT
1780,FTHM
1781,FTII
1782,FTIIU
1783,FTIIW
1784,FTNT
1785,FTPA
1786,FTPAU
1787,FTPAW
1788,FULC
1789,FULT
1790,FUNC
1791,FUND
1792,FUSB
1793,FUSN
1794,FUTU
1795,FUV
1796,FVCB
1797,FWAC
1798,FWBI
1799,FWONA
1800,FWONK
1801,FWP
1802,FWRD
1803,FWRG
1804,FXCO
1805,FXCOR
1806,FXCOW
1807,FXNC
1808,FYBR
1809,GABC
1810,GAIA
1811,GAIN
1812,GAINN
1813,GAINZ
1814,GALT
1815,GAMB
1816,GAMC
1817,GAMCU
1818,GAMCW
1819,GAME
1820,GAN
1821,GANX
1822,GASS
1823,GATE
1824,GATEU
1825,GATEW
1826,GBBK
1827,GBBKR
1828,GBBKW
1829,GBDC
1830,GBIO
1831,GBNH
1832,GBNY
1833,GBRG
1834,GBRGR
1835,GBRGU
1836,GBRGW
1837,GBS
1838,GCBC
1839,GCMG
1840,GCMGW
1841,GCT
1842,GCTK
1843,GDEN
1844,GDEV
1845,GDEVW
1846,GDNR
1847,GDNRU
1848,GDNRW
1849,GDRX
1850,GDS
1851,GDST
1852,GDSTR
1853,GDSTU
1854,GDSTW
1855,GDYN
1856,GECC
1857,GECCM
1858,GECCN
1859,GECCO
1860,GEEX
1861,GEEXU
1862,GEEXW
1863,GEG
1864,GEGGL
1865,GEHC
1866,GEN
1867,GENC
1868,GENE
1869,GENQ
1870,GENQU
1871,GENQW
1872,GEOS
1873,GERN
1874,GEVO
1875,GFAI
1876,GFAIW
1877,GFGD
1878,GFGDR
1879,GFGDU
1880,GFGDW
1881,GFS
1882,GGAA
1883,GGAAU
1884,GGAAW
1885,GGAL
1886,GGE
1887,GGR
1888,GGROW
1889,GH
1890,GHI
1891,GHIX
1892,GHIXU
1893,GHIXW
1894,GHRS
1895,GHSI
1896,GIAC
1897,GIACU
1898,GIACW
1899,GIFI
1900,GIGM
1901,GIII
1902,GILD
1903,GILT
1904,GIPR
1905,GIPRW
1906,GLAD
1907,GLBE
1908,GLBS
1909,GLBZ
1910,GLDD
1911,GLG
1912,GLLI
1913,GLLIR
1914,GLLIU
1915,GLLIW
1916,GLMD
1917,GLNG
1918,GLPG
1919,GLPI
1920,GLRE
1921,GLSI
1922,GLST
1923,GLSTR
1924,GLSTU
1925,GLSTW
1926,GLTO
1927,GLUE
1928,GLYC
1929,GMAB
1930,GMBL
1931,GMBLW
1932,GMBLZ
1933,GMDA
1934,GMFI
1935,GMFIU
1936,GMFIW
1937,GMGI
1938,GMGT
1939,GMVD
1940,GMVDW
1941,GNCA
1942,GNFT
1943,GNLN
1944,GNLX
1945,GNPX
1946,GNSS
1947,GNTA
1948,GNTX
1949,GNTY
1950,GNUS
1951,GO
1952,GOCO
1953,GOEV
1954,GOEVW
1955,GOGL
1956,GOGN-UN
1957,GOGO
1958,GOOD
1959,GOOG
1960,GOOGL
1961,GOSS
1962,GOVX
1963,GOVXW
1964,GP
1965,GPAC
1966,GPCR
1967,GPP
1968,GPRE
1969,GPRO
1970,GRAB
1971,GRABW
1972,GRAY
1973,GRCL
1974,GRCY
1975,GRCYU
1976,GRCYW
1977,GREE
1978,GREEL
1979,GRFS
1980,GRIL
1981,GRIN
1982,GRNA
1983,GRNAW
1984,GRNQ
1985,GROM
1986,GROMW
1987,GROW
1988,GRPH
1989,GRPN
1990,GRRR
1991,GRRRW
1992,GRTS
1993,GRTX
1994,GRVY
1995,GRWG
1996,GSBC
1997,GSDWW
1998,GSHD
1999,GSIT
2000,GSM
2001,GSMG
2002,GSMGW
2003,GSRM
2004,GSRMR
2005,GSRMU
2006,GSRMW
2007,GSUN
2008,GT
2009,GTAC
2010,GTACU
2011,GTACW
2012,GTBP
2013,GTEC
2014,GTH
2015,GTHX
2016,GTIM
2017,GTLB
2018,GTX
2019,GURE
2020,GVCI
2021,GVCIU
2022,GVCIW
2023,GVP
2024,GWAV
2025,GWII
2026,GWIIW
2027,GWRS
2028,GXII
2029,GXIIU
2030,GXIIW
2031,GYRO
2032,HA
2033,HAFC
2034,HAIA
2035,HAIAU
2036,HAIAW
2037,HAIN
2038,HALL
2039,HALO
2040,HAPP
2041,HARP
2042,HAS
2043,HAYN
2044,HBAN
2045,HBCP
2046,HBIO
2047,HBNC
2048,HBT
2049,HCAT
2050,HCCI
2051,HCDI
2052,HCDIW
2053,HCDIZ
2054,HCKT
2055,HCM
2056,HCMA
2057,HCMAU
2058,HCMAW
2059,HCNE
2060,HCNEU
2061,HCNEW
2062,HCOM
2063,HCP
2064,HCSG
2065,HCTI
2066,HCVI
2067,HCVIU
2068,HCVIW
2069,HCWB
2070,HDSN
2071,HEAR
2072,HEES
2073,HELE
2074,HEPA
2075,HEPS
2076,HERA
2077,HERAU
2078,HERAW
2079,HEXO
2080,HFBL
2081,HFFG
2082,HFWA
2083,HGBL
2084,HGEN
2085,HHGC
2086,HHGCR
2087,HHGCU
2088,HHGCW
2089,HHR
2090,HHS
2091,HIBB
2092,HIFS
2093,HIHO
2094,HILS
2095,HIMX
2096,HITI
2097,HIVE
2098,HLBZ
2099,HLBZW
2100,HLIT
2101,HLMN
2102,HLNE
2103,HLTH
2104,HLVX
2105,HMAC
2106,HMACR
2107,HMACU
2108,HMACW
2109,HMNF
2110,HMPT
2111,HMST
2112,HNNA
2113,HNNAZ
2114,HNRG
2115,HNST
2116,HNVR
2117,HOFT
2118,HOFV
2119,HOFVW
2120,HOLI
2121,HOLO
2122,HOLOW
2123,HOLX
2124,HON
2125,HONE
2126,HOOD
2127,HOOK
2128,HOPE
2129,HORI
2130,HORIU
2131,HORIW
2132,HOTH
2133,HOUR
2134,HOWL
2135,HPCO
2136,HPK
2137,HPKEW
2138,HPLT
2139,HPLTU
2140,HPLTW
2141,HQI
2142,HQY
2143,HRMY
2144,HROW
2145,HROWL
2146,HROWM
2147,HRTX
2148,HRZN
2149,HSAI
2150,HSAQ
2151,HSCS
2152,HSCSW
2153,HSDT
2154,HSIC
2155,HSII
2156,HSKA
2157,HSON
2158,HSPO
2159,HSPOR
2160,HSPOU
2161,HSPOW
2162,HST
2163,HSTM
2164,HSTO
2165,HTBI
2166,HTBK
2167,HTCR
2168,HTGM
2169,HTHT
2170,HTIA
2171,HTLD
2172,HTLF
2173,HTOO
2174,HTOOW
2175,HTZ
2176,HTZWW
2177,HUBG
2178,HUDA
2179,HUDAR
2180,HUDAU
2181,HUDI
2182,HUGE
2183,HUIZ
2184,HUMA
2185,HUMAW
2186,HURC
2187,HURN
2188,HUT
2189,HVBC
2190,HWBK
2191,HWC
2192,HWCPZ
2193,HWEL
2194,HWELU
2195,HWELW
2196,HWKN
2197,HWKZ-UN
2198,HYFM
2199,HYMC
2200,HYMCL
2201,HYMCW
2202,HYPR
2203,HYRE
2204,HYW
2205,HYZN
2206,HYZNW
2207,HZNP
2208,IAC
2209,IART
2210,IAS
2211,IBCP
2212,IBEX
2213,IBKR
2214,IBOC
2215,IBRX
2216,IBTX
2217,ICAD
2218,ICCC
2219,ICCH
2220,ICCM
2221,ICFI
2222,ICHR
2223,ICLK
2224,ICLR
2225,ICMB
2226,ICNC-UN
2227,ICPT
2228,ICU
2229,ICUCW
2230,ICUI
2231,ICVX
2232,IDAI
2233,IDBA
2234,IDCC
2235,IDEX
2236,IDN
2237,IDXX
2238,IDYA
2239,IEP
2240,IESC
2241,IFBD
2242,IFMK
2243,IFRX
2244,IGIC
2245,IGICW
2246,IGMS
2247,IGTA
2248,IGTAR
2249,IGTAU
2250,IGTAW
2251,IGZ
2252,IHRT
2253,III
2254,IIIV
2255,IINN
2256,IINNW
2257,IKNA
2258,IKT
2259,ILAG
2260,ILMN
2261,ILPT
2262,IMAB
2263,IMAC
2264,IMACW
2265,IMAQ
2266,IMAQR
2267,IMAQU
2268,IMAQW
2269,IMBI
2270,IMBIL
2271,IMCC
2272,IMCI
2273,IMCR
2274,IMGN
2275,IMKTA
2276,IMMP
2277,IMMR
2278,IMMX
2279,IMNM
2280,IMNN
2281,IMOS
2282,IMPL
2283,IMPP
2284,IMRA
2285,IMRN
2286,IMRX
2287,IMTE
2288,IMTX
2289,IMTXW
2290,IMUX
2291,IMV
2292,IMVT
2293,IMXI
2294,INAB
2295,INAQ-UN
2296,INBK
2297,INBKZ
2298,INBS
2299,INBX
2300,INCR
2301,INCY
2302,INDB
2303,INDI
2304,INDIW
2305,INDP
2306,INDT
2307,INFI
2308,INFN
2309,INGN
2310,INKA
2311,INKAU
2312,INKAW
2313,INKT
2314,INM
2315,INMB
2316,INMD
2317,INN-PF
2318,INNV
2319,INO
2320,INOD
2321,INPX
2322,INSE
2323,INSG
2324,INSM
2325,INTA
2326,INTC
2327,INTE
2328,INTEU
2329,INTEW
2330,INTG
2331,INTR
2332,INTU
2333,INTZ
2334,INVA
2335,INVE
2336,INVO
2337,INVZ
2338,INVZW
2339,INZY
2340,IOAC
2341,IOACU
2342,IOACW
2343,IOBT
2344,IONM
2345,IONR
2346,IONS
2347,IOSP
2348,IOVA
2349,IPA
2350,IPAR
2351,IPAX
2352,IPAXU
2353,IPAXW
2354,IPDN
2355,IPGP
2356,IPHA
2357,IPSC
2358,IPVI
2359,IPVIU
2360,IPVIW
2361,IPW
2362,IPWR
2363,IPX
2364,IQ
2365,IQMD
2366,IQMDU
2367,IQMDW
2368,IRAA
2369,IRAAU
2370,IRAAW
2371,IRBA
2372,IRBT
2373,IRDM
2374,IREN
2375,IRIX
2376,IRMD
2377,IRON
2378,IROQ
2379,IRTC
2380,IRWD
2381,ISEE
2382,ISIG
2383,ISO
2384,ISPC
2385,ISPO
2386,ISPOW
2387,ISRG
2388,ISRLU
2389,ISSC
2390,ISTR
2391,ISUN
2392,ITAQ
2393,ITAQU
2394,ITAQW
2395,ITCI
2396,ITI
2397,ITIC
2398,ITOS
2399,ITQ
2400,ITQRU
2401,ITQRW
2402,ITRI
2403,ITRM
2404,ITRN
2405,IVA
2406,IVAC
2407,IVCA
2408,IVCAU
2409,IVCAW
2410,IVCB
2411,IVCBU
2412,IVCBW
2413,IVCP
2414,IVCPU
2415,IVCPW
2416,IVDA
2417,IVDAW
2418,IVVD
2419,IXAQ
2420,IXAQU
2421,IXAQW
2422,IXHL
2423,IZEA
2424,JACK
2425,JAGX
2426,JAKK
2427,JAMF
2428,JAN
2429,JANX
2430,JAQC
2431,JAQCU
2432,JAQCW
2433,JAZZ
2434,JBHT
2435,JBLU
2436,JBSS
2437,JCIC
2438,JCICU
2439,JCICW
2440,JCSE
2441,JCTCF
2442,JD
2443,JEWL
2444,JFBR
2445,JFBRW
2446,JFIN
2447,JFU
2448,JG
2449,JGGC
2450,JGGCR
2451,JGGCU
2452,JGGCW
2453,JIRE
2454,JJSF
2455,JKHY
2456,JMAC
2457,JMACU
2458,JMACW
2459,JMSB
2460,JNCE
2461,JOAN
2462,JOUT
2463,JPM-PM
2464,JRSH
2465,JRVR
2466,JSM
2467,JSPR
2468,JSPRW
2469,JUGG
2470,JUGGU
2471,JUGGW
2472,JUPW
2473,JUPWW
2474,JVA
2475,JWAC
2476,JWACR
2477,JWEL
2478,JWSM-UN
2479,JXJT
2480,JYNT
2481,JZ
2482,JZXN
2483,KA
2484,KACL
2485,KACLR
2486,KACLU
2487,KACLW
2488,KAII
2489,KAIIU
2490,KAIIW
2491,KAL
2492,KALA
2493,KALU
2494,KALV
2495,KALWW
2496,KARO
2497,KAVL
2498,KBAL
2499,KBNT
2500,KBNTW
2501,KC
2502,KDNY
2503,KDP
2504,KDRN
2505,KE
2506,KELYA
2507,KELYB
2508,KEQU
2509,KERN
2510,KERNW
2511,KFFB
2512,KFRC
2513,KHC
2514,KIDS
2515,KIII
2516,KIIIU
2517,KIIIW
2518,KINS
2519,KINZ
2520,KINZU
2521,KINZW
2522,KIRK
2523,KITT
2524,KITTW
2525,KLAC
2526,KLIC
2527,KLTR
2528,KLXE
2529,KMDA
2530,KMPH
2531,KNBE
2532,KNDI
2533,KNSA
2534,KNSL
2535,KNTE
2536,KOD
2537,KOPN
2538,KORE-WT
2539,KOSS
2540,KPLT
2541,KPLTW
2542,KPRX
2543,KPTI
2544,KRBP
2545,KRKR
2546,KRMD
2547,KRNL
2548,KRNLU
2549,KRNLW
2550,KRNT
2551,KRNY
2552,KRON
2553,KROS
2554,KRT
2555,KRTX
2556,KRUS
2557,KRYS
2558,KSCP
2559,KSI
2560,KSICU
2561,KSICW
2562,KSPN
2563,KTCC
2564,KTOS
2565,KTRA
2566,KTTA
2567,KTTAW
2568,KURA
2569,KVHI
2570,KVSA
2571,KVSC
2572,KWE
2573,KWESW
2574,KXIN
2575,KYCH
2576,KYCHR
2577,KYCHU
2578,KYCHW
2579,KYMR
2580,KZIA
2581,KZR
2582,LAB
2583,LABP
2584,LAKE
2585,LAMR
2586,LANC
2587,LAND
2588,LARK
2589,LASE
2590,LASR
2591,LATG
2592,LATGU
2593,LATGW
2594,LAUR
2595,LAZR
2596,LAZY
2597,LBAI
2598,LBBB
2599,LBBBR
2600,LBBBU
2601,LBBBW
2602,LBC
2603,LBPH
2604,LBRDA
2605,LBRDK
2606,LBTYA
2607,LBTYB
2608,LBTYK
2609,LCA
2610,LCAA
2611,LCAAU
2612,LCAAW
2613,LCAHU
2614,LCAPW
2615,LCFY
2616,LCFYW
2617,LCID
2618,LCNB
2619,LCUT
2620,LDHA
2621,LDHAU
2622,LDHAW
2623,LE
2624,LECO
2625,LEDS
2626,LEE
2627,LEGA
2628,LEGAU
2629,LEGAW
2630,LEGH
2631,LEGN
2632,LESL
2633,LETB
2634,LEXX
2635,LEXXW
2636,LFAC
2637,LFCR
2638,LFLY
2639,LFLYW
2640,LFMD
2641,LFST
2642,LFUS
2643,LFVN
2644,LGAC
2645,LGACU
2646,LGACW
2647,LGHL
2648,LGHLW
2649,LGIH
2650,LGMK
2651,LGND
2652,LGO
2653,LGST
2654,LGSTU
2655,LGSTW
2656,LGTO
2657,LGTOU
2658,LGTOW
2659,LGVC
2660,LGVCU
2661,LGVCW
2662,LGVN
2663,LHCG
2664,LHDX
2665,LI
2666,LIAN
2667,LIBY
2668,LIBYU
2669,LIBYW
2670,LICN
2671,LIDR
2672,LIDRW
2673,LIFE
2674,LIFW
2675,LIFWW
2676,LIFWZ
2677,LILA
2678,LILAK
2679,LILM
2680,LILMW
2681,LINC
2682,LIND
2683,LINK
2684,LION
2685,LIONU
2686,LIONW
2687,LIPO
2688,LIQT
2689,LITE
2690,LITM
2691,LITT
2692,LITTU
2693,LITTW
2694,LIVB
2695,LIVBU
2696,LIVBW
2697,LIVE
2698,LIVN
2699,LIXT
2700,LIXTW
2701,LIZI
2702,LKCO
2703,LKFN
2704,LKQ
2705,LMAT
2706,LMB
2707,LMDX
2708,LMDXW
2709,LMFA
2710,LMNL
2711,LMNR
2712,LMPX
2713,LMST
2714,LNKB
2715,LNSR
2716,LNT
2717,LNTH
2718,LNW
2719,LNZA
2720,LNZAW
2721,LOAN
2722,LOB
2723,LOCO
2724,LOGI
2725,LOOP
2726,LOPE
2727,LOV
2728,LOVE
2729,LPCN
2730,LPLA
2731,LPRO
2732,LPSN
2733,LPTH
2734,LPTX
2735,LQDA
2736,LQDT
2737,LRCX
2738,LRFC
2739,LRMR
2740,LSAK
2741,LSBK
2742,LSCC
2743,LSDI
2744,LSEA
2745,LSEAW
2746,LSTA
2747,LSTR
2748,LSXMA
2749,LSXMB
2750,LSXMK
2751,LTBR
2752,LTCH
2753,LTCHW
2754,LTRN
2755,LTRPA
2756,LTRPB
2757,LTRX
2758,LTRY
2759,LTRYW
2760,LUCD
2761,LUCY
2762,LUCYW
2763,LULU
2764,LUMO
2765,LUNA
2766,LUNG
2767,LUNRW
2768,LUXH
2769,LVAC
2770,LVACU
2771,LVACW
2772,LVLU
2773,LVO
2774,LVOX
2775,LVOXU
2776,LVOXW
2777,LVRA
2778,LVRAU
2779,LVRAW
2780,LVTX
2781,LWAY
2782,LWLG
2783,LX
2784,LXEH
2785,LXRX
2786,LYEL
2787,LYFT
2788,LYL
2789,LYLT
2790,LYRA
2791,LYT
2792,LYTS
2793,LZ
2794,MACA
2795,MACAU
2796,MACAW
2797,MACK
2798,MANH
2799,MAPS
2800,MAPSW
2801,MAQC
2802,MAQCU
2803,MAQCW
2804,MAR
2805,MARA
2806,MARK
2807,MARPS
2808,MARXU
2809,MASI
2810,MASS
2811,MAT
2812,MATH
2813,MATW
2814,MAXN
2815,MAYS
2816,MBCN
2817,MBIN
2818,MBINM
2819,MBIO
2820,MBLY
2821,MBOT
2822,MBRX
2823,MBTC
2824,MBTCR
2825,MBTCU
2826,MBUU
2827,MBWM
2828,MCAA
2829,MCAAU
2830,MCAAW
2831,MCAC
2832,MCACW
2833,MCAE
2834,MCAER
2835,MCAEU
2836,MCAF
2837,MCAFR
2838,MCAFU
2839,MCAG
2840,MCAGR
2841,MCAGU
2842,MCBC
2843,MCBS
2844,MCFT
2845,MCHP
2846,MCHX
2847,MCLD
2848,MCLDP
2849,MCLDW
2850,MCRB
2851,MCRI
2852,MCVT
2853,MDB
2854,MDGL
2855,MDGS
2856,MDGSW
2857,MDIA
2858,MDJH
2859,MDLZ
2860,MDNA
2861,MDRR
2862,MDRX
2863,MDVL
2864,MDWD
2865,MDWT
2866,MDXG
2867,MDXH
2868,ME
2869,MEAC
2870,MEACU
2871,MEACW
2872,MEDP
2873,MEDS
2874,MEGL
2875,MEIP
2876,MEKA
2877,MELI
2878,MEOA
2879,MEOAU
2880,MEOAW
2881,MEOH
2882,MERC
2883,MESA
2884,MESO
2885,META
2886,METC
2887,METCL
2888,METX
2889,METXW
2890,MF
2891,MFH
2892,MFIC
2893,MFIN
2894,MGAM
2895,MGEE
2896,MGI
2897,MGIC
2898,MGNI
2899,MGNX
2900,MGOL
2901,MGPI
2902,MGRC
2903,MGTA
2904,MGTX
2905,MGYR
2906,MHLD
2907,MHUA
2908,MICS
2909,MICT
2910,MIDD
2911,MIGI
2912,MIND
2913,MINM
2914,MIR-WT
2915,MIRM
2916,MIRO
2917,MIST
2918,MITA
2919,MITAU
2920,MITAW
2921,MITK
2922,MKSI
2923,MKTW
2924,MKTX
2925,MKUL
2926,MLAB
2927,MLAC
2928,MLACU
2929,MLACW
2930,MLAI
2931,MLAIU
2932,MLAIW
2933,MLCO
2934,MLEC
2935,MLECW
2936,MLGO
2937,MLKN
2938,MLTX
2939,MLVF
2940,MLYS
2941,MMAT
2942,MMLP
2943,MMMB
2944,MMSI
2945,MMV
2946,MMVWW
2947,MMYT
2948,MNDO
2949,MNDY
2950,MNKD
2951,MNMD
2952,MNOV
2953,MNPR
2954,MNRO
2955,MNSB
2956,MNST
2957,MNTK
2958,MNTS
2959,MNTSW
2960,MNTV
2961,MNTX
2962,MOB
2963,MOBBW
2964,MOBQ
2965,MOBQW
2966,MOBV
2967,MOBVU
2968,MOBVW
2969,MODD
2970,MODV
2971,MOFG
2972,MOGO
2973,MOLN
2974,MOMO
2975,MOND
2976,MOR
2977,MORF
2978,MORN
2979,MOTS
2980,MOVE
2981,MOXC
2982,MPAA
2983,MPB
2984,MPRA
2985,MPRAU
2986,MPRAW
2987,MPWR
2988,MQ
2989,MRAI
2990,MRAM
2991,MRBK
2992,MRCC
2993,MRCY
2994,MREO
2995,MRIN
2996,MRKR
2997,MRM
2998,MRNA
2999,MRNS
3000,MRSN
3001,MRTN
3002,MRTX
3003,MRUS
3004,MRVI
3005,MRVL
3006,MS-PO
3007,MSAC
3008,MSACW
3009,MSBI
3010,MSBIP
3011,MSDA
3012,MSDAU
3013,MSDAW
3014,MSEX
3015,MSFT
3016,MSGM
3017,MSPR
3018,MSPRW
3019,MSSA
3020,MSSAR
3021,MSSAU
3022,MSSAW
3023,MSTR
3024,MSVB
3025,MTAC
3026,MTACU
3027,MTACW
3028,MTBC
3029,MTC
3030,MTCH
3031,MTCR
3032,MTEK
3033,MTEKW
3034,MTEM
3035,MTEX
3036,MTLS
3037,MTP
3038,MTRX
3039,MTRY
3040,MTRYU
3041,MTRYW
3042,MTSI
3043,MTTR
3044,MU
3045,MULG
3046,MULN
3047,MURF
3048,MURFU
3049,MURFW
3050,MVBF
3051,MVIS
3052,MVLAW
3053,MVST
3054,MVSTW
3055,MXCT
3056,MXL
3057,MYFW
3058,MYGN
3059,MYMD
3060,MYNA
3061,MYNZ
3062,MYPS
3063,MYPSW
3064,MYRG
3065,MYSZ
3066,NA
3067,NAAC
3068,NAACU
3069,NAACW
3070,NAAS
3071,NAII
3072,NAMS
3073,NAMSW
3074,NAOV
3075,NARI
3076,NATH
3077,NATI
3078,NATR
3079,NAUT
3080,NAVI
3081,NBIX
3082,NBN
3083,NBRV
3084,NBSE
3085,NBST
3086,NBSTU
3087,NBSTW
3088,NBTB
3089,NBTX
3090,NCAC
3091,NCACU
3092,NCACW
3093,NCMI
3094,NCNA
3095,NCNO
3096,NCPL
3097,NCPLW
3098,NCRA
3099,NCSM
3100,NCTY
3101,NDAQ
3102,NDLS
3103,NDRA
3104,NDSN
3105,NECB
3106,NEE-PQ
3107,NEGG
3108,NEO
3109,NEOG
3110,NEON
3111,NEOV
3112,NEOVW
3113,NEPH
3114,NEPT
3115,NERV
3116,NESR
3117,NESRW
3118,NEWT
3119,NEWTL
3120,NEWTZ
3121,NEXI
3122,NEXT
3123,NFBK
3124,NFE
3125,NFLX
3126,NFTG
3127,NFYS-UN
3128,NGM
3129,NGMS
3130,NH
3131,NHIC
3132,NHICW
3133,NHTC
3134,NICE
3135,NICK
3136,NISN
3137,NIU
3138,NKLA
3139,NKSH
3140,NKTR
3141,NKTX
3142,NLSP
3143,NLSPW
3144,NLTX
3145,NMFC
3146,NMIH
3147,NMRD
3148,NMRK
3149,NMTC
3150,NMTR
3151,NN
3152,NNAVW
3153,NNBR
3154,NNDM
3155,NNOX
3156,NODK
3157,NOGN
3158,NOGNW
3159,NOTV
3160,NOVN
3161,NOVT
3162,NOVV
3163,NOVVR
3164,NOVVU
3165,NOVVW
3166,NPAB
3167,NPABU
3168,NPABW
3169,NPCE
3170,NRAC
3171,NRACU
3172,NRACW
3173,NRBO
3174,NRC
3175,NRDS
3176,NRIM
3177,NRIX
3178,NRSN
3179,NRSNW
3180,NRXP
3181,NRXPW
3182,NSIT
3183,NSPR
3184,NSSC
3185,NSTB-UN
3186,NSTG
3187,NSTS
3188,NSYS
3189,NTAP
3190,NTCT
3191,NTES
3192,NTGR
3193,NTIC
3194,NTLA
3195,NTNX
3196,NTRA
3197,NTRB
3198,NTRBW
3199,NTRS
3200,NTWK
3201,NUBI
3202,NUBIU
3203,NUBIW
3204,NURO
3205,NUTX
3206,NUVA
3207,NUVL
3208,NUWE
3209,NUZE
3210,NVAC
3211,NVACR
3212,NVACW
3213,NVAX
3214,NVCN
3215,NVCR
3216,NVCT
3217,NVDA
3218,NVEC
3219,NVEE
3220,NVEI
3221,NVFY
3222,NVIV
3223,NVMI
3224,NVNO
3225,NVNOW
3226,NVOS
3227,NVSA
3228,NVSAU
3229,NVSAW
3230,NVTS
3231,NVVE
3232,NVVEW
3233,NVX
3234,NWBI
3235,NWE
3236,NWFL
3237,NWL
3238,NWLI
3239,NWPX
3240,NWS
3241,NWSA
3242,NWTN
3243,NWTNW
3244,NXGL
3245,NXGLW
3246,NXGN
3247,NXL
3248,NXLIW
3249,NXPI
3250,NXPL
3251,NXPLW
3252,NXST
3253,NXT
3254,NXTC
3255,NXTP
3256,NYAX
3257,NYMT
3258,NYMX
3259,NYXH
3260,OABI
3261,OABIW
3262,OAIE
3263,OB
3264,OBIO
3265,OBLG
3266,OBNK
3267,OBSV
3268,OBT
3269,OCAX
3270,OCAXU
3271,OCAXW
3272,OCC
3273,OCCI
3274,OCEA
3275,OCEAW
3276,OCFC
3277,OCG
3278,OCGN
3279,OCSL
3280,OCUL
3281,OCUP
3282,OCX
3283,ODFL
3284,ODP
3285,ODTC
3286,OESX
3287,OFED
3288,OFIX
3289,OFLX
3290,OFS
3291,OFSSH
3292,OGCP
3293,OGI
3294,OHAA
3295,OHAAU
3296,OHAAW
3297,OIG
3298,OIIM
3299,OKTA
3300,OKYO
3301,OLB
3302,OLED
3303,OLIT
3304,OLITU
3305,OLITW
3306,OLK
3307,OLLI
3308,OLMA
3309,OLPX
3310,OM
3311,OMAB
3312,OMCL
3313,OMER
3314,OMEX
3315,OMGA
3316,OMIC
3317,OMQS
3318,ON
3319,ONB
3320,ONCR
3321,ONCS
3322,ONCT
3323,ONCY
3324,ONDS
3325,ONEM
3326,ONEW
3327,ONFO
3328,ONFOW
3329,ONTX
3330,ONVO
3331,ONYX
3332,ONYXU
3333,ONYXW
3334,OP
3335,OPAL
3336,OPBK
3337,OPCH
3338,OPEN
3339,OPGN
3340,OPHC
3341,OPI
3342,OPINL
3343,OPK
3344,OPNT
3345,OPOF
3346,OPRA
3347,OPRT
3348,OPRX
3349,OPT
3350,OPTN
3351,ORGN
3352,ORGNW
3353,ORGO
3354,ORGS
3355,ORIA
3356,ORIAU
3357,ORIAW
3358,ORIC
3359,ORLY
3360,ORMP
3361,ORRF
3362,ORTX
3363,OSA
3364,OSAAW
3365,OSBC
3366,OSIS
3367,OSPN
3368,OSS
3369,OST
3370,OSTK
3371,OSUR
3372,OSW
3373,OTEC
3374,OTECU
3375,OTECW
3376,OTEX
3377,OTIC
3378,OTLK
3379,OTLY
3380,OTMO
3381,OTMOW
3382,OTRK
3383,OTTR
3384,OUST-WT
3385,OVBC
3386,OVID
3387,OVLY
3388,OXAC
3389,OXACU
3390,OXACW
3391,OXBR
3392,OXBRW
3393,OXLC
3394,OXLCL
3395,OXLCN
3396,OXLCZ
3397,OXSQ
3398,OXSQG
3399,OXSQL
3400,OXSQZ
3401,OXUS
3402,OXUSU
3403,OXUSW
3404,OZK
3405,OZON
3406,PAA
3407,PAAS
3408,PACB
3409,PACW
3410,PACWP
3411,PAGP
3412,PAHC
3413,PALI
3414,PALT
3415,PANA
3416,PANL
3417,PANW
3418,PARA
3419,PARAA
3420,PASG
3421,PATI
3422,PATK
3423,PAVM
3424,PAVMZ
3425,PAX
3426,PAYA
3427,PAYO
3428,PAYOW
3429,PAYS
3430,PAYX
3431,PBAX
3432,PBAXU
3433,PBAXW
3434,PBBK
3435,PBFS
3436,PBHC
3437,PBLA
3438,PBPB
3439,PBTS
3440,PBYI
3441,PCAR
3442,PCB
3443,PCCT
3444,PCCTU
3445,PCCTW
3446,PCH
3447,PCRX
3448,PCSA
3449,PCT
3450,PCTI
3451,PCTTU
3452,PCTTW
3453,PCTY
3454,PCVX
3455,PCYG
3456,PCYO
3457,PDCE
3458,PDCO
3459,PDD
3460,PDEX
3461,PDFS
3462,PDLB
3463,PDSB
3464,PEAR
3465,PEARW
3466,PEB-PH
3467,PEBK
3468,PEBO
3469,PECO
3470,PEGA
3471,PEGR
3472,PEGRU
3473,PEGRW
3474,PEGY
3475,PENN
3476,PEP
3477,PEPG
3478,PEPL
3479,PEPLU
3480,PEPLW
3481,PERI
3482,PESI
3483,PET
3484,PETQ
3485,PETS
3486,PETV
3487,PETVW
3488,PETWW
3489,PETZ
3490,PEV
3491,PFBC
3492,PFC
3493,PFDR
3494,PFDRU
3495,PFDRW
3496,PFG
3497,PFHD
3498,PFIE
3499,PFIN
3500,PFIS
3501,PFMT
3502,PFSW
3503,PFTA
3504,PFTAU
3505,PFTAW
3506,PFX
3507,PFXNZ
3508,PGC
3509,PGEN
3510,PGNY
3511,PGRW
3512,PGRWU
3513,PGRWW
3514,PGSS-UN
3515,PGY
3516,PGYWW
3517,PHAR
3518,PHAT
3519,PHCF
3520,PHIO
3521,PHUN
3522,PHUNW
3523,PHVS
3524,PI
3525,PICC-UN
3526,PIII
3527,PIIIW
3528,PIK
3529,PINC
3530,PIRS
3531,PIXY
3532,PKBK
3533,PKBO
3534,PKOH
3535,PLAB
3536,PLAO
3537,PLAOU
3538,PLAOW
3539,PLAY
3540,PLBC
3541,PLBY
3542,PLCE
3543,PLL
3544,PLMI
3545,PLMIU
3546,PLMIW
3547,PLMR
3548,PLPC
3549,PLRX
3550,PLSE
3551,PLTK
3552,PLTN
3553,PLTNR
3554,PLTNU
3555,PLTNW
3556,PLUG
3557,PLUR
3558,PLUS
3559,PLXP
3560,PLXS
3561,PLYA
3562,PMCB
3563,PMD
3564,PME
3565,PMGM
3566,PMGMU
3567,PMGMW
3568,PMN
3569,PMT-PC
3570,PMTS
3571,PMVP
3572,PNAC
3573,PNACR
3574,PNACU
3575,PNACW
3576,PNBK
3577,PNFP
3578,PNRG
3579,PNT
3580,PNTG
3581,PNTM-UN
3582,POAI
3583,POCI
3584,PODD
3585,POET
3586,POLA
3587,PONO
3588,PONOU
3589,PONOW
3590,POOL
3591,POWI
3592,POWL
3593,POWW
3594,PPBI
3595,PPBT
3596,PPC
3597,PPHP
3598,PPHPR
3599,PPHPU
3600,PPHPW
3601,PPIH
3602,PPSI
3603,PPTA
3604,PPYA
3605,PPYAU
3606,PPYAW
3607,PRAA
3608,PRAX
3609,PRBM-UN
3610,PRCH
3611,PRCT
3612,PRDO
3613,PRDS
3614,PRE
3615,PRENW
3616,PRFT
3617,PRFX
3618,PRGS
3619,PRIM
3620,PRLD
3621,PRLH
3622,PRLHU
3623,PRLHW
3624,PRME
3625,PROC
3626,PROCW
3627,PROF
3628,PROK
3629,PROV
3630,PRPC-UN
3631,PRPH
3632,PRPL
3633,PRPO
3634,PRQR
3635,PRSO
3636,PRSR
3637,PRSRU
3638,PRSRW
3639,PRST
3640,PRSTW
3641,PRTA
3642,PRTC
3643,PRTG
3644,PRTH
3645,PRTK
3646,PRTS
3647,PRVA
3648,PRVB
3649,PSA-PO
3650,PSA-PP
3651,PSA-PQ
3652,PSEC
3653,PSHG
3654,PSMT
3655,PSNL
3656,PSNY
3657,PSNYW
3658,PSTV
3659,PSTX
3660,PSYK
3661,PT
3662,PTC
3663,PTCT
3664,PTE
3665,PTEN
3666,PTGX
3667,PTHRU
3668,PTIC
3669,PTIX
3670,PTIXW
3671,PTLO
3672,PTMN
3673,PTNR
3674,PTOC
3675,PTOCU
3676,PTOCW
3677,PTON
3678,PTPI
3679,PTRA
3680,PTRS
3681,PTSI
3682,PTVE
3683,PTWO
3684,PTWOU
3685,PTWOW
3686,PUBM
3687,PUCK
3688,PUCKU
3689,PUCKW
3690,PULM
3691,PUYI
3692,PVBC
3693,PWFL
3694,PWOD
3695,PWP
3696,PWUP
3697,PWUPU
3698,PWUPW
3699,PXLW
3700,PXMD
3701,PXS
3702,PXSAW
3703,PYCR
3704,PYPD
3705,PYPL
3706,PYR
3707,PYXS
3708,PZZA
3709,QCOM
3710,QCRH
3711,QDEL
3712,QFIN
3713,QH
3714,QIPT
3715,QIWI
3716,QLGN
3717,QLI
3718,QLYS
3719,QMCO
3720,QNCX
3721,QNRX
3722,QNST
3723,QOMO
3724,QOMOR
3725,QOMOU
3726,QOMOW
3727,QRHC
3728,QRTEA
3729,QRTEB
3730,QRVO
3731,QSAM
3732,QSG
3733,QSI
3734,QSIAW
3735,QTEK
3736,QTEKW
3737,QTNT
3738,QTRX
3739,QTT
3740,QUBT
3741,QUIK
3742,QUMU
3743,QURE
3744,RACY
3745,RACYU
3746,RADI
3747,RAIL
3748,RAIN
3749,RAM
3750,RAMMU
3751,RAMMW
3752,RAND
3753,RANI
3754,RAPT
3755,RARE
3756,RAVE
3757,RAYA
3758,RBB
3759,RBBN
3760,RBCAA
3761,RBCN
3762,RBKB
3763,RCAC
3764,RCACU
3765,RCACW
3766,RCAT
3767,RCEL
3768,RCII
3769,RCKT
3770,RCKY
3771,RCLF
3772,RCLFU
3773,RCLFW
3774,RCM
3775,RCMT
3776,RCON
3777,RCRT
3778,RCRTW
3779,RDCM
3780,RDFN
3781,RDHL
3782,RDI
3783,RDIB
3784,RDNT
3785,RDVT
3786,RDWR
3787,REAL
3788,REAX
3789,REBN
3790,REE
3791,REED
3792,REFI
3793,REFR
3794,REG
3795,REGN
3796,REKR
3797,RELI
3798,RELIW
3799,RELL
3800,RELY
3801,RENE
3802,RENEU
3803,RENEW
3804,RENT
3805,REPL
3806,RETA
3807,RETO
3808,REUN
3809,REVB
3810,REVBW
3811,REVE
3812,REVEU
3813,REVEW
3814,REYN
3815,RFAC
3816,RFACR
3817,RFACU
3818,RFACW
3819,RFIL
3820,RGC
3821,RGCO
3822,RGEN
3823,RGF
3824,RGLD
3825,RGLS
3826,RGNX
3827,RGP
3828,RGTI
3829,RGTIW
3830,RIBT
3831,RICK
3832,RIDE
3833,RIGL
3834,RILY
3835,RILYG
3836,RILYK
3837,RILYM
3838,RILYN
3839,RILYT
3840,RILYZ
3841,RIOT
3842,RIVN
3843,RKDA
3844,RKLB
3845,RLAY
3846,RLMD
3847,RLYB
3848,RMBI
3849,RMBL
3850,RMBS
3851,RMCF
3852,RMGC
3853,RMGCU
3854,RMGCW
3855,RMNI
3856,RMR
3857,RMTI
3858,RNA
3859,RNAZ
3860,RNER
3861,RNERU
3862,RNERW
3863,RNLX
3864,RNST
3865,RNW
3866,RNWWW
3867,RNXT
3868,ROAD
3869,ROC
3870,ROCAR
3871,ROCAU
3872,ROCC
3873,ROCG
3874,ROCGU
3875,ROCGW
3876,ROCK
3877,ROCL
3878,ROCLU
3879,ROCLW
3880,ROIC
3881,ROIV
3882,ROIVW
3883,ROKU
3884,ROOT
3885,ROSE
3886,ROSEW
3887,ROSS-UN
3888,ROST
3889,ROVR
3890,RPAY
3891,RPD
3892,RPHM
3893,RPID
3894,RPRX
3895,RPTX
3896,RRBI
3897,RRGB
3898,RRR
3899,RSLS
3900,RSSS
3901,RSVR
3902,RSVRW
3903,RTC
3904,RTL
3905,RTYD
3906,RUBY
3907,RUM
3908,RUMBW
3909,RUN
3910,RUSHA
3911,RUSHB
3912,RUTH
3913,RVLP
3914,RVMD
3915,RVNC
3916,RVPH
3917,RVPHW
3918,RVSB
3919,RVSN
3920,RVSNW
3921,RVYL
3922,RWAY
3923,RWAYL
3924,RWAYZ
3925,RWLK
3926,RWOD
3927,RWODR
3928,RWODU
3929,RWODW
3930,RXDX
3931,RXRX
3932,RXST
3933,RXT
3934,RYAAY
3935,RYTM
3936,RZLT
3937,SABR
3938,SABS
3939,SABSW
3940,SAFT
3941,SAGA
3942,SAGAR
3943,SAGAU
3944,SAGE
3945,SAGP
3946,SAI
3947,SAIA
3948,SAITW
3949,SAL
3950,SALM
3951,SAMA
3952,SAMAU
3953,SAMAW
3954,SAMG
3955,SAMT
3956,SANA
3957,SANG
3958,SANM
3959,SANW
3960,SASI
3961,SASR
3962,SATL
3963,SATLW
3964,SATS
3965,SAVA
3966,SBAC
3967,SBCF
3968,SBET
3969,SBFG
3970,SBFM
3971,SBFMW
3972,SBGI
3973,SBIG
3974,SBIGW
3975,SBLK
3976,SBNY
3977,SBRA
3978,SBSI
3979,SBT
3980,SBUX
3981,SCAQ
3982,SCAQU
3983,SCAQW
3984,SCHL
3985,SCHN
3986,SCKT
3987,SCLX
3988,SCLXW
3989,SCMA
3990,SCMAU
3991,SCMAW
3992,SCOB
3993,SCOBU
3994,SCOBW
3995,SCOR
3996,SCPH
3997,SCPL
3998,SCPS
3999,SCRM
4000,SCRMU
4001,SCRMW
4002,SCSC
4003,SCTL
4004,SCVL
4005,SCWO
4006,SCWX
4007,SCYX
4008,SDAC
4009,SDACU
4010,SDACW
4011,SDC
4012,SDGR
4013,SDIG
4014,SEAC
4015,SEAT
4016,SEATW
4017,SECO
4018,SEDG
4019,SEED
4020,SEEL
4021,SEER
4022,SEIC
4023,SELB
4024,SELF
4025,SENEA
4026,SENEB
4027,SEPA
4028,SEPAU
4029,SEPAW
4030,SERA
4031,SESN
4032,SEV
4033,SEVN
4034,SFBC
4035,SFE
4036,SFET
4037,SFIX
4038,SFM
4039,SFNC
4040,SFR
4041,SFRWW
4042,SFST
4043,SFT
4044,SGA
4045,SGBX
4046,SGC
4047,SGEN
4048,SGH
4049,SGHL
4050,SGHLU
4051,SGHLW
4052,SGHT
4053,SGII
4054,SGIIU
4055,SGIIW
4056,SGLY
4057,SGMA
4058,SGML
4059,SGMO
4060,SGRP
4061,SGRY
4062,SGTX
4063,SHBI
4064,SHC
4065,SHCR
4066,SHCRW
4067,SHEN
4068,SHFS
4069,SHFSW
4070,SHIP
4071,SHLS
4072,SHO-PI
4073,SHOO
4074,SHPH
4075,SHPP
4076,SHPW-WT
4077,SHUA
4078,SHUAU
4079,SHUAW
4080,SHYF
4081,SI-PA
4082,SIBN
4083,SIDU
4084,SIEB
4085,SIEN
4086,SIFY
4087,SIGA
4088,SIGI
4089,SILC
4090,SILK
4091,SILO
4092,SIMO
4093,SINT
4094,SIOX
4095,SIRI
4096,SISI
4097,SITM
4098,SIVB
4099,SJ
4100,SKGR
4101,SKGRU
4102,SKGRW
4103,SKIN
4104,SKWD
4105,SKYA
4106,SKYAU
4107,SKYAW
4108,SKYT
4109,SKYW
4110,SKYX
4111,SLAB
4112,SLAC
4113,SLAC-UN
4114,SLACU
4115,SLACW
4116,SLAM
4117,SLAMU
4118,SLAMW
4119,SLCR
4120,SLCRW
4121,SLDB
4122,SLDP
4123,SLDPW
4124,SLGC
4125,SLGCW
4126,SLGG
4127,SLGL
4128,SLHGF
4129,SLM
4130,SLN
4131,SLNA
4132,SLNAW
4133,SLND
4134,SLNDW
4135,SLNG
4136,SLNH
4137,SLNO
4138,SLP
4139,SLRC
4140,SLRX
4141,SLS
4142,SLVR
4143,SLVRU
4144,SLVRW
4145,SMAP
4146,SMAPU
4147,SMAPW
4148,SMBC
4149,SMBK
4150,SMCI
4151,SMFL
4152,SMFR
4153,SMID
4154,SMIH
4155,SMIHU
4156,SMIHW
4157,SMLR
4158,SMMF
4159,SMMT
4160,SMPL
4161,SMSI
4162,SMTC
4163,SMTI
4164,SNAL
4165,SNAX
4166,SNAXW
4167,SNBR
4168,SNCE
4169,SNCR
4170,SNCRL
4171,SNCY
4172,SND
4173,SNDL
4174,SNDX
4175,SNES
4176,SNEX
4177,SNFCA
4178,SNGX
4179,SNOA
4180,SNPO
4181,SNPS
4182,SNPX
4183,SNRH
4184,SNRHU
4185,SNRHW
4186,SNSE
4187,SNT
4188,SNTG
4189,SNTI
4190,SNY
4191,SOBR
4192,SOFI
4193,SOFO
4194,SOHO
4195,SOHOB
4196,SOHU
4197,SOLO
4198,SOLOW
4199,SOND
4200,SONDW
4201,SONM
4202,SONN
4203,SONO
4204,SOPA
4205,SOPH
4206,SOTK
4207,SOUN
4208,SOUNW
4209,SOVO
4210,SP
4211,SPCB
4212,SPCM
4213,SPCMU
4214,SPCMW
4215,SPFI
4216,SPI
4217,SPKB
4218,SPKBU
4219,SPKBW
4220,SPLK
4221,SPNS
4222,SPOK
4223,SPPI
4224,SPRB
4225,SPRC
4226,SPRO
4227,SPRY
4228,SPSC
4229,SPT
4230,SPTN
4231,SPWH
4232,SPWR
4233,SQFT
4234,SQFTW
4235,SQL
4236,SQLLW
4237,SRAD
4238,SRAX
4239,SRCE
4240,SRCL
4241,SRDX
4242,SRGA
4243,SRNE
4244,SRPT
4245,SRRK
4246,SRTS
4247,SRZN
4248,SRZNW
4249,SSB
4250,SSBI
4251,SSBK
4252,SSIC
4253,SSKN
4254,SSNC
4255,SSNT
4256,SSP
4257,SSRM
4258,SSSS
4259,SSSSL
4260,SSTI
4261,SSYS
4262,STAA
4263,STAB
4264,STAF
4265,STBA
4266,STBX
4267,STCN
4268,STEL
4269,STEP
4270,STER
4271,STGW
4272,STIM
4273,STIX
4274,STIXW
4275,STKH
4276,STKL
4277,STKS
4278,STLD
4279,STNE
4280,STOK
4281,STRA
4282,STRC
4283,STRCW
4284,STRL
4285,STRM
4286,STRN
4287,STRO
4288,STRR
4289,STRS
4290,STRT
4291,STSA
4292,STSS
4293,STSSW
4294,STTK
4295,STX
4296,SUMO
4297,SUNW
4298,SUPN
4299,SURE
4300,SURF
4301,SURG
4302,SURGW
4303,SVC
4304,SVFA
4305,SVFAU
4306,SVFAW
4307,SVFB
4308,SVFD
4309,SVII
4310,SVIIR
4311,SVIIU
4312,SVIIW
4313,SVNA
4314,SVNAU
4315,SVNAW
4316,SVRA
4317,SVRE
4318,SVREW
4319,SWAG
4320,SWAGW
4321,SWAV
4322,SWBI
4323,SWIM
4324,SWKH
4325,SWKS
4326,SWSS
4327,SWSSU
4328,SWSSW
4329,SWTX
4330,SWVL
4331,SWVLW
4332,SXTC
4333,SY
4334,SYBT
4335,SYBX
4336,SYM
4337,SYNA
4338,SYNH
4339,SYPR
4340,SYRS
4341,SYTA
4342,SYTAW
4343,SZZL
4344,SZZLU
4345,SZZLW
4346,TA
4347,TACT
4348,TAGG
4349,TAIT
4350,TALK
4351,TALKW
4352,TALS
4353,TANH
4354,TANNI
4355,TANNL
4356,TANNZ
4357,TAOP
4358,TARA
4359,TARS
4360,TASK
4361,TAST
4362,TATT
4363,TAYD
4364,TBBK
4365,TBCP
4366,TBCPU
4367,TBCPW
4368,TBIO
4369,TBK
4370,TBLA
4371,TBLAW
4372,TBLD
4373,TBLT
4374,TBLTW
4375,TBNK
4376,TBPH
4377,TBSA
4378,TBSAU
4379,TBSAW
4380,TC
4381,TCBC
4382,TCBI
4383,TCBK
4384,TCBP
4385,TCBPW
4386,TCBS
4387,TCBX
4388,TCDA
4389,TCFC
4390,TCMD
4391,TCOM
4392,TCON
4393,TCPC
4394,TCRR
4395,TCRT
4396,TCRX
4397,TCVA
4398,TCX
4399,TDS-PV
4400,TDUP
4401,TDW-WT
4402,TEAM
4403,TECH
4404,TEDU
4405,TELA
4406,TENB
4407,TENK
4408,TENKR
4409,TENKU
4410,TENX
4411,TER
4412,TERN
4413,TESS
4414,TETC
4415,TETCU
4416,TETCW
4417,TETE
4418,TETEU
4419,TETEW
4420,TFC-PO
4421,TFC-PR
4422,TFFP
4423,TFIN
4424,TFINP
4425,TFSL
4426,TGAA
4427,TGAAU
4428,TGAAW
4429,TGAN
4430,TGH-PA
4431,TGH-PB
4432,TGL
4433,TGTX
4434,TGVC
4435,TGVCU
4436,TGVCW
4437,TH
4438,THAC
4439,THACU
4440,THACW
4441,THCH
4442,THCHW
4443,THCP
4444,THCPU
4445,THCPW
4446,THFF
4447,THMO
4448,THRD
4449,THRM
4450,THRN
4451,THRX
4452,THRY
4453,THTX
4454,THWWW
4455,TIG
4456,TIGO
4457,TIGR
4458,TIL
4459,TILE
4460,TIOA
4461,TIOAU
4462,TIOAW
4463,TIPT
4464,TIRX
4465,TITN
4466,TIVC
4467,TKLF
4468,TKNO
4469,TLF
4470,TLGY
4471,TLGYU
4472,TLGYW
4473,TLIS
4474,TLRY
4475,TLS
4476,TLSA
4477,TMC
4478,TMCI
4479,TMCWW
4480,TMDI
4481,TMDX
4482,TMKR
4483,TMKRU
4484,TMKRW
4485,TMPO
4486,TMPOW
4487,TMUS
4488,TNDM
4489,TNGX
4490,TNON
4491,TNXP
4492,TNYA
4493,TOAC
4494,TOACU
4495,TOACW
4496,TOI
4497,TOIIW
4498,TOMZ
4499,TOP
4500,TOPS
4501,TOUR
4502,TOWN
4503,TPBA
4504,TPBAU
4505,TPBAW
4506,TPG
4507,TPIC
4508,TPST
4509,TRDA
4510,TREE
4511,TRFK
4512,TRHC
4513,TRIB
4514,TRIN
4515,TRINL
4516,TRIP
4517,TRIS-UN
4518,TRKA
4519,TRKAW
4520,TRMB
4521,TRMD
4522,TRMK
4523,TRMR
4524,TRNS
4525,TRON
4526,TRONU
4527,TRONW
4528,TROO
4529,TROW
4530,TRS
4531,TRST
4532,TRTN-PE
4533,TRUE
4534,TRUP
4535,TRVG
4536,TRVI
4537,TRVN
4538,TSAT
4539,TSBK
4540,TSCO
4541,TSEM
4542,TSHA
4543,TSLA
4544,TSP
4545,TSRI
4546,TSVT
4547,TTCF
4548,TTD
4549,TTEC
4550,TTEK
4551,TTGT
4552,TTMI
4553,TTNP
4554,TTOO
4555,TTSH
4556,TTWO
4557,TUEM
4558,TURN
4559,TUSK
4560,TVTX
4561,TW
4562,TWCB
4563,TWCBU
4564,TWCBW
4565,TWIN
4566,TWKS
4567,TWLV
4568,TWLVU
4569,TWLVW
4570,TWNI-UN
4571,TWNK
4572,TWOU
4573,TWST
4574,TXG
4575,TXMD
4576,TXN
4577,TXRH
4578,TYDE
4579,TYRA
4580,TZOO
4581,TZPS
4582,TZPSU
4583,UAL
4584,UBCP
4585,UBFO
4586,UBSI
4587,UBX
4588,UCBI
4589,UCL
4590,UCTT
4591,UDMY
4592,UEIC
4593,UFCS
4594,UFPI
4595,UFPT
4596,UG
4597,UGRO
4598,UIHC
4599,UK
4600,UKOMW
4601,ULBI
4602,ULCC
4603,ULH
4604,ULTA
4605,UMBF
4606,UMPQ
4607,UNAM
4608,UNB
4609,UNCY
4610,UNIT
4611,UNQL
4612,UNTY
4613,UONE
4614,UONEK
4615,UPC
4616,UPLD
4617,UPST
4618,UPTD
4619,UPTDU
4620,UPTDW
4621,UPWK
4622,UPXI
4623,URBN
4624,URGN
4625,UROY
4626,USAP
4627,USAU
4628,USCB
4629,USCT
4630,USCTU
4631,USCTW
4632,USEA
4633,USEG
4634,USIO
4635,USLM
4636,UTAA
4637,UTAAU
4638,UTAAW
4639,UTHR
4640,UTMD
4641,UTME
4642,UTRS
4643,UTSI
4644,UVSP
4645,UXIN
4646,VABK
4647,VACC
4648,VALN
4649,VALU
4650,VANI
4651,VAQC
4652,VAXX
4653,VBFC
4654,VBIV
4655,VBLT
4656,VBNK
4657,VBOC
4658,VBOCU
4659,VBOCW
4660,VBTX
4661,VC
4662,VCEL
4663,VCNX
4664,VCSA
4665,VCTR
4666,VCXA
4667,VCXAU
4668,VCXAW
4669,VCYT
4670,VDNI
4671,VECO
4672,VECT
4673,VEDU
4674,VEEE
4675,VEON
4676,VERA
4677,VERB
4678,VERBW
4679,VERI
4680,VERO
4681,VERU
4682,VERV
4683,VERX
4684,VERY
4685,VEV
4686,VFF
4687,VGAS
4688,VGASW
4689,VGFC
4690,VHNA
4691,VHNAU
4692,VHNAW
4693,VIA
4694,VIAV
4695,VICR
4696,VIEW
4697,VIEWW
4698,VIGL
4699,VII
4700,VIIAU
4701,VIIAW
4702,VINC
4703,VINO
4704,VINP
4705,VIOT
4706,VIR
4707,VIRC
4708,VIRI
4709,VIRT
4710,VIRX
4711,VISL
4712,VITL
4713,VIVE
4714,VIVK
4715,VIVO
4716,VJET
4717,VKTX
4718,VLAT
4719,VLATU
4720,VLATW
4721,VLCN
4722,VLDR
4723,VLDRW
4724,VLGEA
4725,VLN-WT
4726,VLON
4727,VLY
4728,VMAR
4729,VMCA
4730,VMCAU
4731,VMCAW
4732,VMD
4733,VMEO
4734,VMGA
4735,VMGAU
4736,VMGAW
4737,VNDA
4738,VNET
4739,VNO-PO
4740,VNOM
4741,VOD
4742,VOR
4743,VORB
4744,VORBW
4745,VOXR
4746,VOXX
4747,VPCB
4748,VPCBU
4749,VPCBW
4750,VQS
4751,VRA
4752,VRAR
4753,VRAX
4754,VRAY
4755,VRCA
4756,VRDN
4757,VREX
4758,VRM
4759,VRME
4760,VRMEW
4761,VRNA
4762,VRNS
4763,VRNT
4764,VRPX
4765,VRRM
4766,VRSK
4767,VRSN
4768,VRTS
4769,VRTX
4770,VS
4771,VSAC
4772,VSACU
4773,VSACW
4774,VSAT
4775,VSEC
4776,VSSYW
4777,VSTA
4778,VSTM
4779,VTGN
4780,VTNR
4781,VTRS
4782,VTRU
4783,VTSI
4784,VTVT
4785,VTYX
4786,VUZI
4787,VVOS
4788,VVPR
4789,VWE
4790,VWEWW
4791,VXRT
4792,VYGR
4793,VYNE
4794,VYNT
4795,WABC
4796,WAFD
4797,WAFU
4798,WAL-PA
4799,WALD
4800,WALDW
4801,WASH
4802,WATT
4803,WAVD
4804,WAVE
4805,WAVS
4806,WAVSU
4807,WAVSW
4808,WB
4809,WBA
4810,WBD
4811,WDAY
4812,WDC
4813,WDFC
4814,WE-WT
4815,WEJO
4816,WEJOW
4817,WEN
4818,WERN
4819,WEST
4820,WESTW
4821,WETG
4822,WEYS
4823,WFC-PD
4824,WFCF
4825,WFCPX
4826,WFRD
4827,WGRO
4828,WGS
4829,WGSWW
4830,WHF
4831,WHLM
4832,WHLR
4833,WHLRL
4834,WILC
4835,WIMI
4836,WINA
4837,WING
4838,WINT
4839,WINV
4840,WINVR
4841,WINVU
4842,WINVW
4843,WIRE
4844,WISA
4845,WISH
4846,WIX
4847,WKEY
4848,WKHS
4849,WKME
4850,WKSP
4851,WKSPW
4852,WLDN
4853,WLDS
4854,WLDSW
4855,WLFC
4856,WMG
4857,WMPN
4858,WNEB
4859,WNW
4860,WOOF
4861,WORX
4862,WPRT
4863,WRAP
4864,WRLD
4865,WSBC
4866,WSBF
4867,WSC
4868,WSFS
4869,WTBA
4870,WTER
4871,WTFC
4872,WTMA
4873,WTMAR
4874,WTMAU
4875,WTW
4876,WULF
4877,WVE
4878,WVFC
4879,WVVI
4880,WW
4881,WWAC
4882,WWACU
4883,WWACW
4884,WWD
4885,WYNN
4886,XAIR
4887,XBIO
4888,XBIOW
4889,XBIT
4890,XCUR
4891,XEL
4892,XELA
4893,XELB
4894,XENE
4895,XERS
4896,XFIN
4897,XFINU
4898,XFINW
4899,XFOR
4900,XGN
4901,XLO
4902,XM
4903,XMTR
4904,XNCR
4905,XNET
4906,XOMA
4907,XOS
4908,XOSWW
4909,XP
4910,XPAX
4911,XPAXU
4912,XPAXW
4913,XPDB
4914,XPDBU
4915,XPDBW
4916,XPEL
4917,XPON
4918,XRAY
4919,XRTX
4920,XRX
4921,XTLB
4922,XWEL
4923,XXII
4924,YELL
4925,YGMZ
4926,YI
4927,YJ
4928,YMAB
4929,YNDX
4930,YORW
4931,YOSH
4932,YOTA
4933,YOTAR
4934,YOTAU
4935,YOTAW
4936,YQ
4937,YTEN
4938,YTRA
4939,YVR
4940,YY
4941,Z
4942,ZAZZT
4943,ZBRA
4944,ZBZZT
4945,ZCMD
4946,ZCZZT
4947,ZD
4948,ZENV
4949,ZEST
4950,ZEUS
4951,ZFOX
4952,ZFOXW
4953,ZG
4954,ZI
4955,ZIMV
4956,ZING
4957,ZINGU
4958,ZINGW
4959,ZION
4960,ZIONL
4961,ZIVO
4962,ZIVOW
4963,ZJZZT
4964,ZKIN
4965,ZLAB
4966,ZM
4967,ZNTL
4968,ZS
4969,ZT
4970,ZTAQU
4971,ZTAQW
4972,ZTEK
4973,ZUMZ
4974,ZVSA
4975,ZVV
4976,ZVZZC
4977,ZVZZT
4978,ZWZZT
4979,ZXYZ-A
4980,ZYME
4981,ZYNE
4982,ZYXI
